code,system,direction,last_result,skip_active,skip_price
PUFFER,System1(단기),long,loss,False,
TOSHI,System1(단기),long,win,False,
BICO,System1(단기),long,loss,False,
MBX,System1(단기),long,loss,False,
ID,System1(단기),long,loss,False,
XEC,System1(단기),long,loss,False,
ENS,System2(중장기),long,loss,False,
LIT,System1(단기),long,loss,False,
CTK,System1(단기),long,loss,False,
LIT,System2(중장기),long,loss,False,
BLUE,System1(단기),long,loss,False,
HYPER,System1(단기),long,loss,False,
ZBT,System1(단기),long,loss,False,
ETC,System1(단기),long,loss,False,
PROVE,System1(단기),long,loss,False,
MNT,System1(단기),long,loss,False,
CRTS,System1(단기),long,win,True,0.08
BNB,System1(단기),long,win,True,1076000.0
UOS,System1(단기),long,loss,False,
TOWNS,System1(단기),long,loss,False,
ACH,System1(단기),long,loss,False,
QTUM,System1(단기),long,loss,False,
TAIKO,System1(단기),long,loss,False,
GRAM,System1(단기),long,loss,False,
BIO,System1(단기),long,loss,False,
HP,System1(단기),long,win,True,12.29
PUFFER,System2(중장기),long,loss,False,
CAP,System1(단기),long,loss,False,
CAP,System2(중장기),long,loss,False,
JTO,System1(단기),long,loss,False,
VIRTUAL,System1(단기),long,loss,False,
1INCH,System1(단기),long,loss,False,
SKY,System1(단기),long,loss,False,
1INCH,System2(중장기),long,loss,False,
ACH,System2(중장기),long,loss,False,
AI,System1(단기),long,loss,False,
PROVE,System2(중장기),long,loss,False,
