code,name,system,signal,entry_signal,fresh_entry_signal,exit_signal,watch_signal,close,n_high,n_low,n_high_ratio,atr,high,entry_price
ABBV,ABBV,System1(단기),탈락,False,False,False,True,266.28,269.39,257.8,0.994,5.28,,
ABBV,ABBV,System2(중장기),탈락,False,False,False,True,266.28,269.39,246.77,0.994,5.28,,
ACN,ACN,System1(단기),청산,False,False,True,False,174.47,197.63,175.74,0.896,6.73,,
ACN,ACN,System2(중장기),청산,False,False,True,False,174.47,197.63,175.49,0.896,6.73,,
ADBE,ADBE,System1(단기),청산,False,False,True,False,231.01,294.53,234.96,0.786,9.76,,
ADBE,ADBE,System2(중장기),청산,False,False,True,False,231.01,294.53,234.96,0.786,9.76,,
A,A,System1(단기),진입,True,True,False,False,175.21,174.77,144.65,1.007,4.84,,
A,A,System2(중장기),진입,True,True,False,False,175.21,174.77,141.25,1.007,4.84,,
APD,APD,System1(단기),청산,False,False,True,False,278.75,313.93,279.37,0.899,5.62,,
APD,APD,System2(중장기),청산,False,False,True,False,278.75,313.93,279.37,0.899,5.62,,
ALB,ALB,System1(단기),청산,False,False,True,False,107.39,140.75,107.9,0.772,5.27,,
ALB,ALB,System2(중장기),청산,False,False,True,False,107.39,143.58,107.9,0.757,5.27,,
ARE,ARE,System1(단기),청산,False,False,True,False,48.66,57.28,49.38,0.868,1.87,,
ARE,ARE,System2(중장기),청산,False,False,True,False,48.66,57.28,49.23,0.868,1.87,,
ALGN,ALGN,System1(단기),청산,False,False,True,False,145.0,162.92,144.2,0.897,4.86,,
ALGN,ALGN,System2(중장기),청산,False,False,True,False,145.0,187.96,144.2,0.778,4.86,,
AIG,AIG,System1(단기),청산,False,False,True,False,72.78,76.98,73.93,0.965,1.33,,
AIG,AIG,System2(중장기),청산,False,False,True,False,72.78,80.51,73.46,0.922,1.33,,
AWK,AWK,System1(단기),청산,False,False,True,False,128.93,142.37,129.8,0.92,2.49,,
AWK,AWK,System2(중장기),청산,False,False,True,False,128.93,142.37,129.8,0.92,2.49,,
AME,AME,System1(단기),탈락,False,False,False,True,251.67,252.78,230.01,1.0,4.93,,
ADI,ADI,System2(중장기),탈락,False,False,False,True,395.43,399.47,348.0,0.991,10.54,,
AON,AON,System1(단기),청산,False,False,True,False,272.1,358.71,275.38,0.776,9.51,,
AON,AON,System2(중장기),청산,False,False,True,False,272.1,381.47,275.38,0.73,9.51,,
AAPL,AAPL,System1(단기),탈락,False,False,False,True,338.4,345.34,328.35,0.993,7.2,,
AAPL,AAPL,System2(중장기),탈락,False,False,False,True,338.4,345.34,309.9,0.993,7.2,,
AMAT,AMAT,System1(단기),탈락,False,False,False,True,486.76,487.68,411.51,1.0,17.47,,
ADM,ADM,System1(단기),청산,False,False,True,False,80.38,88.75,80.4,0.925,2.53,,
T,T,System1(단기),청산,False,False,True,False,24.9,26.93,24.94,0.941,0.58,,
ADSK,ADSK,System1(단기),청산,False,False,True,False,207.19,267.0,209.05,0.78,8.48,,
ADSK,ADSK,System2(중장기),청산,False,False,True,False,207.19,271.72,206.33,0.766,8.48,,
ADP,ADP,System1(단기),청산,False,False,True,False,261.8,286.17,261.31,0.926,5.34,,
ADP,ADP,System2(중장기),청산,False,False,True,False,261.8,286.17,261.31,0.926,5.34,,
AXON,AXON,System1(단기),청산,False,False,True,False,424.75,616.0,429.56,0.702,24.55,,
AXON,AXON,System2(중장기),청산,False,False,True,False,424.75,651.61,429.56,0.664,24.55,,
BALL,BALL,System1(단기),청산,False,False,True,False,57.13,64.14,56.3,0.897,1.21,,
BALL,BALL,System2(중장기),청산,False,False,True,False,57.13,67.34,56.3,0.855,1.21,,
BAC,BAC,System1(단기),청산,False,False,True,False,55.47,63.83,55.74,0.888,1.27,,
BAC,BAC,System2(중장기),청산,False,False,True,False,55.47,64.9,55.74,0.873,1.27,,
BBY,BBY,System1(단기),청산,False,False,True,False,89.91,96.53,88.63,0.937,3.14,,
TECH,TECH,System1(단기),관심,False,False,False,True,72.51,72.69,72.17,0.999,0.18,,
TECH,TECH,System2(중장기),관심,False,False,False,True,72.51,72.69,72.08,0.999,0.18,,
BX,BX,System1(단기),청산,False,False,True,False,114.56,145.77,115.28,0.805,4.08,,
BX,BX,System2(중장기),청산,False,False,True,False,114.56,150.24,115.28,0.781,4.08,,
XYZ,XYZ,System1(단기),청산,False,False,True,False,73.31,85.89,74.36,0.876,2.56,,
XYZ,XYZ,System2(중장기),청산,False,False,True,False,73.31,86.92,74.36,0.865,2.56,,
BNY,BNY,System1(단기),청산,False,False,True,False,148.44,165.84,148.51,0.904,3.05,,
BNY,BNY,System2(중장기),청산,False,False,True,False,148.44,165.84,148.51,0.904,3.05,,
BA,BA,System1(단기),청산,False,False,True,False,184.39,215.29,194.4,0.895,5.78,,
BA,BA,System2(중장기),청산,False,False,True,False,184.39,241.09,194.4,0.8,5.78,,
BR,BR,System1(단기),청산,False,False,True,False,162.92,183.57,161.6,0.892,4.36,,
BR,BR,System2(중장기),청산,False,False,True,False,162.92,185.77,161.6,0.882,4.36,,
BRO,BRO,System1(단기),청산,False,False,True,False,60.24,74.0,60.14,0.823,1.82,,
BRO,BRO,System2(중장기),청산,False,False,True,False,60.24,75.46,60.14,0.807,1.82,,
CHRW,CHRW,System1(단기),청산,False,False,True,False,148.24,158.07,145.4,0.942,3.82,,
CAH,CAH,System1(단기),청산,False,False,True,False,220.29,249.29,219.1,0.89,4.9,,
CAH,CAH,System2(중장기),청산,False,False,True,False,220.29,258.3,219.1,0.859,4.9,,
CVNA,CVNA,System1(단기),청산,False,False,True,False,60.47,76.44,62.15,0.84,3.05,,
CVNA,CVNA,System2(중장기),청산,False,False,True,False,60.47,76.8,62.15,0.836,3.05,,
CAT,CAT,System1(단기),관심,False,False,False,True,819.95,830.5,772.86,0.996,20.44,,
CBOE,CBOE,System1(단기),청산,False,False,True,False,253.26,315.94,253.45,0.818,9.79,,
CBOE,CBOE,System2(중장기),청산,False,False,True,False,253.26,316.86,253.45,0.816,9.79,,
CBRE,CBRE,System1(단기),청산,False,False,True,False,130.35,151.85,134.47,0.876,4.46,,
CBRE,CBRE,System2(중장기),청산,False,False,True,False,130.35,156.55,134.47,0.85,4.46,,
CDW,CDW,System1(단기),청산,False,False,True,False,130.33,158.05,135.33,0.852,5.93,,
CDW,CDW,System2(중장기),청산,False,False,True,False,130.33,158.05,135.33,0.852,5.93,,
COR,COR,System1(단기),청산,False,False,True,False,303.81,338.71,304.31,0.909,7.11,,
COR,COR,System2(중장기),청산,False,False,True,False,303.81,338.71,304.31,0.909,7.11,,
CRL,CRL,System1(단기),관심,False,False,False,True,294.59,298.4,267.27,0.995,9.64,,
SCHW,SCHW,System1(단기),청산,False,False,True,False,98.3,111.01,98.06,0.892,2.25,,
SCHW,SCHW,System2(중장기),청산,False,False,True,False,98.3,114.53,98.06,0.864,2.25,,
CHTR,CHTR,System1(단기),청산,False,False,True,False,111.4,160.7,112.5,0.713,6.87,,
CHTR,CHTR,System2(중장기),청산,False,False,True,False,111.4,160.7,112.5,0.713,6.87,,
CMG,CMG,System1(단기),청산,False,False,True,False,31.85,38.92,31.3,0.863,1.18,,
CMG,CMG,System2(중장기),청산,False,False,True,False,31.85,39.09,31.3,0.86,1.18,,
CB,CB,System1(단기),청산,False,False,True,False,331.37,347.98,332.78,0.959,4.85,,
CB,CB,System2(중장기),청산,False,False,True,False,331.37,364.81,332.63,0.915,4.85,,
CLX,CLX,System1(단기),청산,False,False,True,False,81.42,104.85,81.6,0.795,2.74,,
CLX,CLX,System2(중장기),청산,False,False,True,False,81.42,109.42,81.6,0.761,2.74,,
KO,KO,System1(단기),청산,False,False,True,False,87.18,89.82,87.12,0.976,1.2,,
KO,KO,System2(중장기),청산,False,False,True,False,87.18,91.94,86.89,0.954,1.2,,
CTSH,CTSH,System1(단기),청산,False,False,True,False,56.75,65.42,56.92,0.877,2.09,,
CTSH,CTSH,System2(중장기),청산,False,False,True,False,56.75,65.42,56.92,0.877,2.09,,
FIX,FIX,System1(단기),탈락,False,False,False,True,1658.3,1695.57,1545.21,0.996,64.93,,
STZ,STZ,System1(단기),청산,False,False,True,False,112.92,132.92,113.34,0.855,3.03,,
STZ,STZ,System2(중장기),청산,False,False,True,False,112.92,139.26,113.34,0.816,3.03,,
CPRT,CPRT,System1(단기),청산,False,False,True,False,27.22,34.44,27.54,0.8,1.02,,
CPRT,CPRT,System2(중장기),청산,False,False,True,False,27.22,34.63,27.54,0.796,1.02,,
CSGP,CSGP,System1(단기),청산,False,False,True,False,27.02,32.79,27.28,0.846,1.18,,
CSGP,CSGP,System2(중장기),청산,False,False,True,False,27.02,33.82,27.28,0.821,1.18,,
CRH,CRH,System1(단기),청산,False,False,True,False,83.75,96.87,83.48,0.885,2.52,,
CRH,CRH,System2(중장기),청산,False,False,True,False,83.75,105.96,83.48,0.809,2.52,,
CCI,CCI,System1(단기),청산,False,False,True,False,67.1,76.64,66.83,0.885,1.93,,
CCI,CCI,System2(중장기),청산,False,False,True,False,67.1,79.66,66.83,0.851,1.93,,
DHR,DHR,System1(단기),진입,True,True,False,False,227.33,226.65,199.09,1.008,5.68,,
DHR,DHR,System2(중장기),진입,True,True,False,False,227.33,226.65,199.09,1.008,5.68,,
DRI,DRI,System1(단기),청산,False,False,True,False,197.02,223.17,198.06,0.907,5.38,,
DRI,DRI,System2(중장기),청산,False,False,True,False,197.02,229.76,198.06,0.881,5.38,,
D,D,System1(단기),청산,False,False,True,False,60.28,66.81,60.14,0.911,1.07,,
D,D,System2(중장기),청산,False,False,True,False,60.28,72.26,60.14,0.843,1.07,,
DPZ,DPZ,System1(단기),청산,False,False,True,False,292.27,350.83,287.48,0.837,9.35,,
DPZ,DPZ,System2(중장기),청산,False,False,True,False,292.27,369.87,287.48,0.794,9.35,,
DASH,DASH,System1(단기),청산,False,False,True,False,178.39,238.83,182.14,0.801,7.81,,
DASH,DASH,System2(중장기),청산,False,False,True,False,178.39,238.83,182.14,0.801,7.81,,
EBAY,EBAY,System1(단기),청산,False,False,True,False,107.32,113.63,106.06,0.957,3.49,,
ECHO,ECHO,System1(단기),청산,False,False,True,False,89.22,96.46,89.85,0.951,2.76,,
EIX,EIX,System1(단기),청산,False,False,True,False,51.47,75.3,52.3,0.703,2.88,,
EIX,EIX,System2(중장기),청산,False,False,True,False,51.47,81.62,52.3,0.649,2.88,,
ELV,ELV,System1(단기),청산,False,False,True,False,394.59,427.17,394.31,0.937,10.18,,
ETR,ETR,System1(단기),청산,False,False,True,False,98.1,109.04,97.03,0.901,1.86,,
ETR,ETR,System2(중장기),청산,False,False,True,False,98.1,116.11,97.03,0.846,1.86,,
EFX,EFX,System1(단기),청산,False,False,True,False,145.78,197.33,146.8,0.747,6.28,,
EFX,EFX,System2(중장기),청산,False,False,True,False,145.78,197.33,146.8,0.747,6.28,,
EL,EL,System1(단기),청산,False,False,True,False,95.57,107.07,93.0,0.895,3.12,,
EL,EL,System2(중장기),청산,False,False,True,False,95.57,108.01,93.0,0.887,3.12,,
P,P,System1(단기),확정,False,False,False,True,129.4,131.41,92.27,0.996,6.31,,131.52
P,P,System2(중장기),확정,False,False,False,True,129.4,131.41,89.64,0.996,6.31,,131.52
ES,ES,System1(단기),청산,False,False,True,False,63.28,71.3,63.15,0.893,1.19,,
ES,ES,System2(중장기),청산,False,False,True,False,63.28,75.68,63.15,0.841,1.19,,
EXE,EXE,System1(단기),청산,False,False,True,False,85.31,100.14,85.29,0.867,2.35,,
EXE,EXE,System2(중장기),청산,False,False,True,False,85.31,100.14,85.29,0.867,2.35,,
EXR,EXR,System1(단기),청산,False,False,True,False,131.68,142.12,131.53,0.94,2.66,,
EXR,EXR,System2(중장기),청산,False,False,True,False,131.68,157.03,131.53,0.85,2.66,,
FDS,FDS,System1(단기),청산,False,False,True,False,267.67,320.48,269.38,0.847,11.99,,
FICO,FICO,System1(단기),청산,False,False,True,False,840.89,1177.0,848.64,0.725,47.73,,
FICO,FICO,System2(중장기),청산,False,False,True,False,840.89,1410.17,848.64,0.605,47.73,,
FRT,FRT,System1(단기),청산,False,False,True,False,109.83,118.85,109.27,0.934,1.67,,
FRT,FRT,System2(중장기),청산,False,False,True,False,109.83,128.21,109.27,0.866,1.67,,
FDXF,FDXF,System1(단기),청산,False,False,True,False,112.3,135.7,113.12,0.837,4.9,,
FDXF,FDXF,System2(중장기),청산,False,False,True,False,112.3,159.04,113.12,0.714,4.9,,
FE,FE,System1(단기),청산,False,False,True,False,43.02,47.24,42.81,0.916,0.68,,
FE,FE,System2(중장기),청산,False,False,True,False,43.02,49.95,42.81,0.866,0.68,,
FISV,FISV,System1(단기),청산,False,False,True,False,46.02,53.99,45.13,0.863,1.76,,
FISV,FISV,System2(중장기),청산,False,False,True,False,46.02,56.63,45.13,0.823,1.76,,
F,F,System1(단기),청산,False,False,True,False,12.38,14.64,12.53,0.865,0.42,,
F,F,System2(중장기),청산,False,False,True,False,12.38,16.12,12.53,0.786,0.42,,
FOXA,FOXA,System1(단기),청산,False,False,True,False,63.06,68.81,62.62,0.926,1.7,,
FOXA,FOXA,System2(중장기),청산,False,False,True,False,63.06,70.64,62.62,0.902,1.7,,
FOX,FOX,System1(단기),청산,False,False,True,False,56.55,61.54,56.05,0.927,1.52,,
FOX,FOX,System2(중장기),청산,False,False,True,False,56.55,62.62,56.05,0.911,1.52,,
GRMN,GRMN,System1(단기),탈락,False,False,False,True,294.05,297.19,270.93,0.992,6.51,,
GEN,GEN,System1(단기),청산,False,False,True,False,20.85,31.65,21.36,0.681,1.17,,
GEN,GEN,System2(중장기),청산,False,False,True,False,20.85,31.65,21.36,0.681,1.17,,
GD,GD,System1(단기),청산,False,False,True,False,334.16,381.08,335.0,0.885,6.95,,
GD,GD,System2(중장기),청산,False,False,True,False,334.16,400.0,335.0,0.843,6.95,,
GIS,GIS,System1(단기),청산,False,False,True,False,33.6,42.2,33.6,0.807,1.12,,
GIS,GIS,System2(중장기),청산,False,False,True,False,33.6,42.2,33.6,0.807,1.12,,
GILD,GILD,System1(단기),탈락,False,False,False,True,152.21,154.2,142.91,0.99,3.45,,
GILD,GILD,System2(중장기),탈락,False,False,False,True,152.21,154.2,142.38,0.99,3.45,,
GS,GS,System1(단기),청산,False,False,True,False,916.28,1043.84,914.68,0.893,26.33,,
GS,GS,System2(중장기),청산,False,False,True,False,916.28,1148.37,914.68,0.811,26.33,,
HIG,HIG,System1(단기),청산,False,False,True,False,126.04,140.41,124.09,0.9,2.3,,
HIG,HIG,System2(중장기),청산,False,False,True,False,126.04,145.43,124.09,0.869,2.3,,
HCA,HCA,System1(단기),탈락,False,False,False,True,432.6,446.36,408.99,0.993,13.9,,
HCA,HCA,System2(중장기),탈락,False,False,False,True,432.6,446.36,395.27,0.993,13.9,,
DOC,DOC,System1(단기),청산,False,False,True,False,20.1,21.26,19.95,0.957,0.37,,
DOC,DOC,System2(중장기),청산,False,False,True,False,20.1,22.72,19.95,0.896,0.37,,
HSY,HSY,System1(단기),청산,False,False,True,False,164.41,184.1,166.04,0.906,3.36,,
HSY,HSY,System2(중장기),청산,False,False,True,False,164.41,190.46,166.04,0.876,3.36,,
HD,HD,System1(단기),청산,False,False,True,False,289.89,329.18,291.07,0.893,6.33,,
HD,HD,System2(중장기),청산,False,False,True,False,289.89,355.74,291.07,0.826,6.33,,
HONA,HONA,System1(단기),청산,False,False,True,False,152.32,170.32,154.0,0.927,5.94,,
HST,HST,System1(단기),진입,True,True,False,False,22.66,22.66,21.53,1.011,0.42,,
HPQ,HPQ,System1(단기),청산,False,False,True,False,31.32,36.23,30.81,0.878,1.61,,
HUBB,HUBB,System1(단기),관심,False,False,False,True,465.72,472.69,435.71,0.999,11.68,,
HII,HII,System1(단기),청산,False,False,True,False,257.05,297.46,261.71,0.882,6.82,,
HII,HII,System2(중장기),청산,False,False,True,False,257.05,332.98,261.71,0.788,6.82,,
IBM,IBM,System1(단기),청산,False,False,True,False,220.67,251.82,225.19,0.886,6.78,,
IBM,IBM,System2(중장기),청산,False,False,True,False,220.67,296.64,225.19,0.752,6.78,,
ILMN,ILMN,System1(단기),탈락,False,False,False,True,271.9,277.95,202.82,0.992,11.15,,
ILMN,ILMN,System2(중장기),탈락,False,False,False,True,271.9,277.95,200.01,0.992,11.15,,
PODD,PODD,System1(단기),청산,False,False,True,False,133.11,151.5,131.61,0.894,4.89,,
PODD,PODD,System2(중장기),청산,False,False,True,False,133.11,172.92,131.24,0.783,4.89,,
INTU,INTU,System1(단기),청산,False,False,True,False,269.4,365.77,271.43,0.744,13.16,,
INTU,INTU,System2(중장기),청산,False,False,True,False,269.4,372.98,271.43,0.73,13.16,,
JBHT,JBHT,System1(단기),청산,False,False,True,False,226.07,276.54,224.39,0.828,8.37,,
JBHT,JBHT,System2(중장기),청산,False,False,True,False,226.07,299.26,224.39,0.765,8.37,,
JKHY,JKHY,System1(단기),청산,False,False,True,False,147.82,170.33,146.52,0.873,4.54,,
JKHY,JKHY,System2(중장기),청산,False,False,True,False,147.82,174.36,146.52,0.853,4.54,,
KEYS,KEYS,System1(단기),관심,False,False,False,True,359.74,366.88,311.43,0.993,10.21,,
KEYS,KEYS,System2(중장기),관심,False,False,False,True,359.74,366.88,311.43,0.993,10.21,,
KKR,KKR,System1(단기),청산,False,False,True,False,93.24,111.64,93.96,0.855,3.2,,
KKR,KKR,System2(중장기),청산,False,False,True,False,93.24,116.57,93.96,0.819,3.2,,
KLAC,KLAC,System1(단기),탈락,False,False,False,True,189.17,190.87,165.89,0.999,7.39,,
KHC,KHC,System1(단기),청산,False,False,True,False,23.56,26.02,23.48,0.914,0.59,,
KHC,KHC,System2(중장기),청산,False,False,True,False,23.56,27.65,23.48,0.86,0.59,,
LHX,LHX,System1(단기),청산,False,False,True,False,237.7,268.21,236.79,0.895,5.53,,
LHX,LHX,System2(중장기),청산,False,False,True,False,237.7,307.42,236.79,0.781,5.53,,
LDOS,LDOS,System1(단기),청산,False,False,True,False,122.35,142.02,122.27,0.865,3.77,,
LDOS,LDOS,System2(중장기),청산,False,False,True,False,122.35,146.85,122.27,0.837,3.77,,
LLY,LLY,System1(단기),관심,False,False,False,True,1184.78,1197.79,1130.5,0.997,28.76,,
LOW,LOW,System1(단기),청산,False,False,True,False,187.66,208.7,187.15,0.909,4.16,,
LOW,LOW,System2(중장기),청산,False,False,True,False,187.66,225.79,187.15,0.84,4.16,,
MAR,MAR,System1(단기),진입,True,True,False,False,358.57,358.16,332.04,1.004,7.43,,
MLM,MLM,System1(단기),청산,False,False,True,False,490.77,535.4,477.38,0.922,13.43,,
MLM,MLM,System2(중장기),청산,False,False,True,False,490.77,587.05,477.38,0.841,13.43,,
MCD,MCD,System1(단기),청산,False,False,True,False,233.6,264.5,234.03,0.898,4.45,,
MCD,MCD,System2(중장기),청산,False,False,True,False,233.6,276.73,234.03,0.858,4.45,,
MCK,MCK,System1(단기),청산,False,False,True,False,856.29,929.95,858.76,0.937,20.74,,
MCK,MCK,System2(중장기),청산,False,False,True,False,856.29,929.95,858.76,0.937,20.74,,
MTD,MTD,System1(단기),진입,True,True,False,False,1545.26,1541.02,1274.51,1.003,41.98,,
MTD,MTD,System2(중장기),진입,True,True,False,False,1545.26,1541.02,1266.55,1.003,41.98,,
MGM,MGM,System1(단기),청산,False,False,True,False,31.86,43.44,32.28,0.757,1.19,,
MGM,MGM,System2(중장기),청산,False,False,True,False,31.86,48.25,32.28,0.681,1.19,,
MCHP,MCHP,System1(단기),탈락,False,False,False,True,77.97,78.96,68.75,0.991,2.54,,
MDLZ,MDLZ,System1(단기),청산,False,False,True,False,60.18,63.83,60.0,0.951,1.17,,
MDLZ,MDLZ,System2(중장기),청산,False,False,True,False,60.18,66.65,60.0,0.91,1.17,,
MNST,MNST,System1(단기),청산,False,False,True,False,41.86,47.15,42.11,0.895,0.97,,
MNST,MNST,System2(중장기),청산,False,False,True,False,41.86,50.17,42.11,0.841,0.97,,
MS,MS,System1(단기),청산,False,False,True,False,193.64,218.51,194.25,0.897,5.07,,
MS,MS,System2(중장기),청산,False,False,True,False,193.64,230.98,194.25,0.848,5.07,,
MOS,MOS,System1(단기),청산,False,False,True,False,22.25,26.73,22.66,0.851,1.11,,
MOS,MOS,System2(중장기),청산,False,False,True,False,22.25,26.73,22.66,0.851,1.11,,
MSI,MSI,System1(단기),청산,False,False,True,False,452.08,493.57,451.55,0.925,8.93,,
MSI,MSI,System2(중장기),청산,False,False,True,False,452.08,493.57,451.55,0.925,8.93,,
NTAP,NTAP,System1(단기),진입,True,True,False,False,204.41,203.91,186.13,1.004,8.48,,
NFLX,NFLX,System1(단기),청산,False,False,True,False,69.23,83.6,70.11,0.856,2.19,,
NFLX,NFLX,System2(중장기),청산,False,False,True,False,69.23,83.6,70.11,0.856,2.19,,
NEM,NEM,System1(단기),청산,False,False,True,False,116.05,132.61,119.9,0.884,4.31,,
NEM,NEM,System2(중장기),청산,False,False,True,False,116.05,135.01,119.9,0.869,4.31,,
NWSA,NWSA,System1(단기),청산,False,False,True,False,29.1,31.39,28.06,0.928,0.68,,
NWSA,NWSA,System2(중장기),청산,False,False,True,False,29.1,31.55,28.06,0.923,0.68,,
NWS,NWS,System1(단기),청산,False,False,True,False,32.24,35.35,31.16,0.913,0.73,,
NWS,NWS,System2(중장기),청산,False,False,True,False,32.24,35.65,31.16,0.905,0.73,,
NEE,NEE,System1(단기),청산,False,False,True,False,75.49,84.38,75.38,0.903,1.25,,
NEE,NEE,System2(중장기),청산,False,False,True,False,75.49,90.31,75.38,0.844,1.25,,
NDSN,NDSN,System1(단기),관심,False,False,False,True,331.32,333.03,306.03,1.0,5.98,,
NOC,NOC,System1(단기),청산,False,False,True,False,505.8,549.77,505.75,0.935,11.63,,
NOC,NOC,System2(중장기),청산,False,False,True,False,505.8,591.82,505.75,0.868,11.63,,
NRG,NRG,System1(단기),청산,False,False,True,False,97.0,121.68,97.5,0.823,3.86,,
NRG,NRG,System2(중장기),청산,False,False,True,False,97.0,144.22,97.5,0.694,3.86,,
NVDA,NVDA,System1(단기),탈락,False,False,False,True,228.86,234.5,208.93,0.995,5.73,,
NVDA,NVDA,System2(중장기),탈락,False,False,False,True,228.86,234.5,208.93,0.995,5.73,,
OXY,OXY,System1(단기),청산,False,False,True,False,56.1,63.77,56.18,0.903,1.56,,
OXY,OXY,System2(중장기),청산,False,False,True,False,56.1,63.77,56.18,0.903,1.56,,
ON,ON,System1(단기),관심,False,False,False,True,75.65,77.68,65.8,0.994,3.41,,
ORCL,ORCL,System1(단기),청산,False,False,True,False,132.6,170.7,133.48,0.795,7.48,,
ORCL,ORCL,System2(중장기),청산,False,False,True,False,132.6,170.7,133.48,0.795,7.48,,
OTIS,OTIS,System1(단기),청산,False,False,True,False,66.33,72.1,65.87,0.928,1.47,,
OTIS,OTIS,System2(중장기),청산,False,False,True,False,66.33,75.45,65.87,0.887,1.47,,
PANW,PANW,System1(단기),탈락,False,False,False,True,392.09,396.3,340.25,0.995,18.67,,
PAYX,PAYX,System1(단기),청산,False,False,True,False,99.3,127.98,100.32,0.788,3.12,,
PAYX,PAYX,System2(중장기),청산,False,False,True,False,99.3,127.98,100.32,0.788,3.12,,
PEP,PEP,System1(단기),청산,False,False,True,False,128.5,140.21,126.9,0.918,2.12,,
PEP,PEP,System2(중장기),청산,False,False,True,False,128.5,144.36,126.9,0.892,2.12,,
PCG,PCG,System1(단기),청산,False,False,True,False,11.95,18.35,12.02,0.678,0.75,,
PCG,PCG,System2(중장기),청산,False,False,True,False,11.95,18.44,12.02,0.675,0.75,,
PM,PM,System1(단기),탈락,False,False,False,True,193.76,195.49,185.84,0.992,4.53,,
PSA,PSA,System1(단기),청산,False,False,True,False,284.79,311.33,283.32,0.928,6.16,,
PSA,PSA,System2(중장기),청산,False,False,True,False,284.79,332.14,283.32,0.87,6.16,,
Q,Q,System1(단기),관심,False,False,False,True,124.91,127.16,111.75,0.994,4.76,,
RDDT,RDDT,System1(단기),청산,False,False,True,False,143.08,166.18,147.77,0.898,7.14,,
RDDT,RDDT,System2(중장기),청산,False,False,True,False,143.08,208.05,143.47,0.718,7.14,,
RTX,RTX,System1(단기),청산,False,False,True,False,187.66,213.5,187.04,0.888,3.97,,
RTX,RTX,System2(중장기),청산,False,False,True,False,187.66,226.41,187.04,0.837,3.97,,
REGN,REGN,System1(단기),청산,False,False,True,False,752.25,859.34,769.57,0.904,20.97,,
REGN,REGN,System2(중장기),청산,False,False,True,False,752.25,859.34,769.57,0.904,20.97,,
RMD,RMD,System1(단기),청산,False,False,True,False,222.1,242.4,220.0,0.919,5.76,,
RVTY,RVTY,System1(단기),관심,False,False,False,True,151.02,152.26,123.95,0.992,4.89,,
RVTY,RVTY,System2(중장기),관심,False,False,False,True,151.02,152.26,120.9,0.992,4.89,,
ROK,ROK,System1(단기),탈락,False,False,False,True,431.22,438.5,406.92,0.992,10.08,,
ROP,ROP,System1(단기),청산,False,False,True,False,354.0,429.6,357.75,0.827,9.81,,
ROP,ROP,System2(중장기),청산,False,False,True,False,354.0,429.6,357.75,0.827,9.81,,
ROST,ROST,System1(단기),진입,True,True,False,False,237.09,237.0,222.15,1.012,4.77,,
SPGI,SPGI,System1(단기),청산,False,False,True,False,395.92,454.92,398.74,0.881,10.73,,
SPGI,SPGI,System2(중장기),청산,False,False,True,False,395.92,460.98,398.74,0.869,10.73,,
CRM,CRM,System1(단기),청산,False,False,True,False,227.27,267.8,229.81,0.861,8.85,,
CRM,CRM,System2(중장기),청산,False,False,True,False,227.27,267.8,229.81,0.861,8.85,,
SBAC,SBAC,System1(단기),청산,False,False,True,False,163.43,194.23,164.78,0.861,5.08,,
SBAC,SBAC,System2(중장기),청산,False,False,True,False,163.43,194.23,164.78,0.861,5.08,,
STX,STX,System1(단기),확정,False,False,False,True,921.51,936.19,757.74,0.996,46.36,,938.97
SRE,SRE,System1(단기),청산,False,False,True,False,76.89,86.46,77.08,0.9,1.65,,
SRE,SRE,System2(중장기),청산,False,False,True,False,76.89,94.81,77.08,0.821,1.65,,
NOW,NOW,System1(단기),청산,False,False,True,False,131.45,149.6,135.07,0.882,6.19,,
NOW,NOW,System2(중장기),청산,False,False,True,False,131.45,149.6,130.39,0.882,6.19,,
SO,SO,System1(단기),청산,False,False,True,False,82.35,89.57,82.09,0.927,1.2,,
SO,SO,System2(중장기),청산,False,False,True,False,82.35,98.05,82.09,0.847,1.2,,
LUV,LUV,System1(단기),관심,False,False,False,True,42.28,43.2,38.16,0.994,1.24,,
STLD,STLD,System1(단기),청산,False,False,True,False,230.39,251.88,229.24,0.925,7.46,,
STLD,STLD,System2(중장기),청산,False,False,True,False,230.39,273.36,229.04,0.852,7.46,,
TTWO,TTWO,System1(단기),청산,False,False,True,False,202.35,240.54,200.55,0.846,7.02,,
TTWO,TTWO,System2(중장기),청산,False,False,True,False,202.35,256.62,200.55,0.793,7.02,,
TRGP,TRGP,System1(단기),청산,False,False,True,False,277.43,299.48,274.87,0.934,7.03,,
TRGP,TRGP,System2(중장기),청산,False,False,True,False,277.43,307.94,274.87,0.908,7.03,,
TEL,TEL,System1(단기),탈락,False,False,False,True,214.71,219.63,200.43,0.996,6.03,,
TER,TER,System1(단기),진입,True,True,False,False,401.3,400.46,326.37,1.004,19.08,,
TXT,TXT,System1(단기),청산,False,False,True,False,77.37,83.73,75.86,0.93,1.71,,
TXT,TXT,System2(중장기),청산,False,False,True,False,77.37,97.3,75.86,0.801,1.71,,
TMO,TMO,System1(단기),관심,False,False,False,True,678.6,682.98,605.19,0.999,15.7,,
TMO,TMO,System2(중장기),관심,False,False,False,True,678.6,682.98,594.36,0.999,15.7,,
TRMB,TRMB,System1(단기),청산,False,False,True,False,57.51,62.0,56.77,0.93,1.55,,
TRMB,TRMB,System2(중장기),청산,False,False,True,False,57.51,62.0,56.62,0.93,1.55,,
TYL,TYL,System1(단기),청산,False,False,True,False,324.02,393.53,323.59,0.828,12.62,,
TYL,TYL,System2(중장기),청산,False,False,True,False,324.02,393.53,323.59,0.828,12.62,,
TSN,TSN,System1(단기),청산,False,False,True,False,50.95,56.54,50.68,0.91,1.27,,
TSN,TSN,System2(중장기),청산,False,False,True,False,50.95,62.45,50.68,0.824,1.27,,
UBER,UBER,System1(단기),청산,False,False,True,False,68.16,79.0,68.55,0.882,1.95,,
UBER,UBER,System2(중장기),청산,False,False,True,False,68.16,82.36,68.55,0.846,1.95,,
URI,URI,System1(단기),탈락,False,False,False,True,1043.92,1056.99,968.51,0.996,28.17,,
VRSN,VRSN,System1(단기),청산,False,False,True,False,282.07,310.0,286.82,0.92,7.66,,
VRSK,VRSK,System1(단기),청산,False,False,True,False,167.77,196.68,167.5,0.862,5.83,,
VRSK,VRSK,System2(중장기),청산,False,False,True,False,167.77,225.48,167.5,0.752,5.83,,
VTRS,VTRS,System2(중장기),진입,True,True,False,False,18.27,18.25,16.12,1.006,0.43,,
VICI,VICI,System1(단기),청산,False,False,True,False,23.19,25.49,23.18,0.921,0.38,,
VICI,VICI,System2(중장기),청산,False,False,True,False,23.19,27.13,23.18,0.865,0.38,,
VST,VST,System1(단기),청산,False,False,True,False,138.02,154.65,135.98,0.899,4.36,,
VMRK,VMRK,System1(단기),청산,False,False,True,False,61.37,66.45,60.56,0.928,1.26,,
VMRK,VMRK,System2(중장기),청산,False,False,True,False,61.37,70.75,60.56,0.872,1.26,,
WRB,WRB,System1(단기),청산,False,False,True,False,67.66,71.36,66.32,0.949,1.32,,
WRB,WRB,System2(중장기),청산,False,False,True,False,67.66,77.34,66.32,0.875,1.32,,
GWW,GWW,System1(단기),청산,False,False,True,False,1255.69,1335.31,1237.47,0.942,24.68,,
GWW,GWW,System2(중장기),청산,False,False,True,False,1255.69,1417.14,1237.47,0.887,24.68,,
WBD,WBD,System1(단기),관심,False,False,False,True,30.9,30.92,27.74,0.999,0.41,,
WBD,WBD,System2(중장기),관심,False,False,False,True,30.9,30.92,27.74,0.999,0.41,,
WM,WM,System1(단기),청산,False,False,True,False,206.44,221.24,206.21,0.94,3.28,,
WM,WM,System2(중장기),청산,False,False,True,False,206.44,246.06,206.21,0.845,3.28,,
WFC,WFC,System1(단기),청산,False,False,True,False,80.81,91.99,80.95,0.901,2.13,,
WFC,WFC,System2(중장기),청산,False,False,True,False,80.81,91.99,80.95,0.901,2.13,,
WY,WY,System1(단기),청산,False,False,True,False,19.72,23.84,19.91,0.843,0.49,,
WY,WY,System2(중장기),청산,False,False,True,False,19.72,25.76,19.91,0.78,0.49,,
WMB,WMB,System1(단기),청산,False,False,True,False,68.98,76.31,68.82,0.911,1.75,,
WMB,WMB,System2(중장기),청산,False,False,True,False,68.98,76.31,68.82,0.911,1.75,,
WTW,WTW,System1(단기),청산,False,False,True,False,292.11,345.78,292.05,0.851,7.6,,
WTW,WTW,System2(중장기),청산,False,False,True,False,292.11,351.51,292.05,0.837,7.6,,
WDAY,WDAY,System1(단기),청산,False,False,True,False,188.6,211.83,183.61,0.901,7.7,,
WDAY,WDAY,System2(중장기),청산,False,False,True,False,188.6,227.49,183.54,0.839,7.7,,
XYL,XYL,System1(단기),청산,False,False,True,False,100.91,113.71,102.25,0.904,2.59,,
XYL,XYL,System2(중장기),청산,False,False,True,False,100.91,126.68,102.25,0.811,2.59,,
ZBRA,ZBRA,System1(단기),확정,False,False,False,True,371.87,374.94,338.67,0.999,10.68,,375.4
APH,APH,System1(단기),확정,False,False,False,True,82.75,85.01,76.62,0.996,2.74,,85.11
PG,PG,System1(단기),확정,False,False,False,True,148.1,149.2,143.92,0.997,2.31,,149.28
TXN,TXN,System1(단기),확정,False,False,False,True,274.6,278.69,256.78,0.999,7.69,,278.95
VTRS,VTRS,System1(단기),확정,False,False,False,True,17.91,17.98,16.38,0.997,0.41,,17.99
WAT,WAT,System1(단기),확정,False,False,False,True,434.76,436.34,402.13,0.999,11.41,,436.34
WAT,WAT,System2(중장기),확정,False,False,False,True,434.76,436.34,392.95,0.999,11.41,,436.34
COHR,COHR,System1(단기),확정,False,False,False,True,314.01,315.7,255.25,0.997,18.73,,315.79
